{"cameraMode":{"drawMode":0,"name":"Shaded","section":"Shading Mode"},"sceneLighting":true,"audioPlay":false,"sceneViewState":{"showFog":true,"showMaterialUpdate":false,"showSkybox":true,"showFlares":true,"showImageEffects":true,"showParticleSystems":true},"in2DMode":false,"pivot":{"x":4.218355178833008,"y":0.6047492027282715,"z":3.845813751220703},"rotation":{"x":-0.17746001482009889,"y":0.6045644283294678,"z":-0.14047716557979585,"w":-0.7637252807617188},"size":10.32902717590332,"orthographic":false}